name,gender
Cletus  ,boy
Laurence  ,boy
Taylor  ,boy
Hans  ,boy
Abram  ,boy
Elton  ,boy
Nick  ,boy
Nestor  ,boy
Garrett  ,boy
Art  ,boy
Bryce  ,boy
Kelly  ,boy
Gilberto  ,boy
Jae  ,boy
Wyatt  ,boy
Stan  ,boy
Robin  ,boy
Fletcher  ,boy
Chadwick  ,boy
Burt  ,boy
Yvonne  ,girl
Delta  ,girl
Shaunda  ,girl
Valarie  ,girl
Delicia  ,girl
Ashly  ,girl
Taryn  ,girl
Adella  ,girl
Yetta  ,girl
Latonia  ,girl
Annika  ,girl
Mercy  ,girl
Lawanna  ,girl
Jenna  ,girl
Tuyet  ,girl
Ola  ,girl
Aisha  ,girl
Sherlyn  ,girl
Josphine  ,girl
Gricelda  ,girl
